Floating Point Number,Total Completed,Time/Number (s),ETA (s)
1,1,0.0005376338958740234,0.05322575569152832
100,100,0.00035705327987670896,0.0
