Floating Point Number,Total Completed,Time/Number (s),ETA (s)
1,1,0.0005474090576171875,0.05419349670410156
100,100,0.00034138917922973635,0.0
