Floating Point Number,Total Completed,Time/Number (s),ETA (s)
1,1,0.0005424022674560547,0.053697824478149414
100,100,0.00035879850387573244,0.0
