{
    "unknown_state_name": "UNKNOWN",
    "distribution": [
        1.6286574425778683e-09,
        0.0,
        0.10850911580570347,
        0.23994430858505117,
        0.09294576696675598,
        0.13177030212607926,
        0.05294002476785981,
        0.08738996288041447,
        0.13380412553894913,
        0.026653495047242425,
        0.06127390622355658,
        0.06476899042973028
    ],
    "num_unknown_transitions": 0,
    "total_transitions": 11,
    "mean_known_transition_prob": 0.09090909076103114,
    "num_incoming_to_unknown": 25,
    "incoming_transitions_sample": [
        {
            "from_state": 