Floating Point Number,Total Completed,Time/Number (s),ETA (s)
1,1,0.0004782676696777344,0.0473484992980957
100,100,0.0003603243827819824,0.0
