Floating Point Number,Total Completed,Time/Number (s),ETA (s)
1,1,0.0005052089691162109,0.05001568794250488
100,100,0.0003451681137084961,0.0
