Floating Point Number,Total Completed,Time/Number (s),ETA (s)
1,1,0.0005979537963867188,0.059197425842285156
100,100,0.00041720867156982424,0.0
