Floating Point Number,Total Completed,Time/Number (s),ETA (s)
1,1,0.0005621910095214844,0.05565690994262695
100,100,0.00038219928741455077,0.0
