Floating Point Number,Total Completed,Time/Number (s),ETA (s)
1,1,0.0005900859832763672,0.05841851234436035
100,100,0.00040742874145507815,0.0
