Floating Point Number,Total Completed,Time/Number (s),ETA (s)
1,1,0.0006313323974609375,0.06250190734863281
100,100,0.0003642630577087402,0.0
